<?xml version="1.0" encoding="UTF-8"?>
<!DOCTYPE suite SYSTEM "http://testng.org/testng-1.0.dtd">

<suite name="FREE CRM Application Test Automation Regression Suite">

	<listeners>
		<listener class-name="com.crm.qa.TestListeners.ExtentReportListener"/>
		<!-- <listener class-name="com.crm.qa.RetryLogic.MyTransformer"/> -->
	</listeners>
	
	<test name="Free CRM Application Test Cases">
	
		<classes>
			<class name="com.crm.qa.TestCases.LoginPageTest"></class> 
			<class name="com.crm.qa.TestCases.HomePageTest"></class>
			<class name="com.crm.qa.TestCases.ContactsPageTest"></class>
		</classes>
		
	</test>	
</suite>