<?xml version="1.0" encoding="UTF-8"?>
<!DOCTYPE suite SYSTEM "https://testng.org/testng-1.0.dtd">
<suite name="Suite">
<listeners>
<listener class-name = "com.crm.GenericLibrary.ListnerImplementationClass"/>
</listeners>
  <test thread-count="5" name="Test" preserve-order = "true">

    <classes>
      <class name="com.crm.ContactTests.CreateConatctWithOrgTest"/>
      <class name="com.crm.OrganizationTests.CreateOrgWithIndustryTypeTest"/>
      <class name="com.crm.OrganizationTests.CreateOrgTest"/>
    </classes>
  </test> <!-- Test -->
</suite> <!-- Suite -->
