<?xml version="1.0" encoding="UTF-8"?>
<!DOCTYPE suite SYSTEM "https://testng.org/testng-1.0.dtd">
<suite thread-count="2" parallel="tests" name="Suite">
  <test thread-count="2" parallel="tests" name="Test-Chrome">
  <parameter name="browser" value="chrome"></parameter>
    <classes>
      <class name="com.crm.SeleniumGrid.CrossBrowserExecution"/>
    </classes>
  </test> <!-- Test -->
  
  
    <test thread-count="2" parallel="tests" name="Test-Firefox">
    <parameter name="browser" value="firefox"></parameter>
    <classes>
      <class name="com.crm.SeleniumGrid.CrossBrowserExecution"/>
    </classes>
  </test> <!-- Test -->
</suite> <!-- Suite -->
