<?xml version="1.0" encoding="UTF-8"?>
<!DOCTYPE suite SYSTEM "https://testng.org/testng-1.0.dtd">
<suite name="Suite">
  <test thread-count="5" name="Test">
    <classes>
      <class name="com.crm.OrganizationTests.CreateOrgWithIndustryTypeTest"/>
      <class name="com.crm.OrganizationTests.CreateOrganizationWithPropertyFileTest"/>
      <class name="com.crm.OrganizationTests.CreateOrgTest"/>
      <class name="com.crm.OrganizationTests.CreateOrganizationTest"/>
      <class name="com.crm.OrganizationTests.CreateOrgWithMultipleDataTest"/>
      <class name ="com.crm.ContactTests.CreateContactTest"/>
    </classes>
  </test> <!-- Test -->
</suite> <!-- Suite -->
