<?xml version="1.0" encoding="UTF-8"?>
<!DOCTYPE suite SYSTEM "https://testng.org/testng-1.0.dtd">
<suite thread-count="2" parallel="tests" name="Suite">
  <test thread-count="2" parallel="tests" name="Test-Runner 1">
    <classes>
      <class name="com.crm.OrganizationTests.CreateOrgWithIndustryTypeTest"/>
      <class name="com.crm.OrganizationTests.CreateOrgTest"/>
    </classes>
  </test> <!-- Test -->
  
    <test thread-count="2" parallel="tests" name="Test- Runner 2">
    <classes>
      <class name="com.crm.ContactTests.CreateConatctWithOrgTest"/>
      <class name="com.crm.ContactTests.CreateContactTest"/>
    </classes>
  </test> <!-- Test -->
  
</suite> <!-- Suite -->
