<?xml version="1.0" encoding="UTF-8"?>
<!DOCTYPE suite SYSTEM "https://testng.org/testng-1.0.dtd">
<suite thread-count="2" parallel="tests" name="Suite">

  <test thread-count="2" name="Test- Runner - Chrome">
  <parameter name ="browser" value ="chrome"/>
        <classes>
      <class name="com.crm.OrganizationTests.CreateOrgWithIndustryTypeTest"/>
      <class name="com.crm.OrganizationTests.CreateOrgTest"/>
    </classes>
  </test> <!-- Test -->
  
  <test thread-count="2" name="Test- Runner - Firefox">
  <parameter name ="browser" value ="Firefox"/>
        <classes>
      <class name="com.crm.OrganizationTests.CreateOrgWithIndustryTypeTest"/>
      <class name="com.crm.OrganizationTests.CreateOrgTest"/>
    </classes>
  </test> <!-- Test -->

</suite> <!-- Suite -->
